,도서관명,위도,경도,시군구명,소재지도로명주소,운영기관명,동
103,대방어린이도서관,37.5030242235,126.9252221319,동작구,서울특별시 동작구 대방동길 55,서울특별시 동작구청,대방동길
105,동작어린이도서관,37.509204429,126.94343400000001,동작구,서울특별시 동작구 장승배기로16길 98,서울특별시 동작구청,장승배기로16길
106,동작상도국주도서관,37.5068219493,126.9509960718,동작구,서울특별시 동작구 매봉로 37,서울특별시 동작구청,매봉로
202,넓은들작은도서관,37.511385,126.84141799999999,양천구,서울특별시 양천구 목동중앙남로 16나길 55,서울특별시 양천구청,목동중앙남로
203,고맙습니다 작은도서관,37.515237,126.854773,양천구,서울특별시 양천구 중앙로 209,서울특별시 양천구청,중앙로
204,호롱불작은도서관,37.519195,126.87056499999998,양천구,서울특별시 양천구 목동중앙남로 16나길 55,서울특별시 양천구청,목동중앙남로
205,그린나래미술도서관,37.518564000000005,126.854256,양천구,서울특별시 양천구 목동중앙남로 16나길 55,서울특별시 양천구청,목동중앙남로
206,지양마을 작은도서관,37.521851,126.826659,양천구,"서울특별시 양천구 지양로17길 33, 파크빌라",서울특별시 양천구청,지양로17길
207,달빛마을 작은도서관,37.533637,126.829094,양천구,서울특별시 양천구 목동중앙남로 16나길 55,서울특별시 양천구청,목동중앙남로
208,고운맘 작은도서관,37.5447045,126.84455600000001,양천구,서울특별시 양천구 목동중앙남로 16나길 55,서울특별시 양천구청,목동중앙남로
209,고운달 작은도서관,37.532792,126.8644277,양천구,서울특별시 양천구 목동중앙남로 16나길 55,서울특별시 양천구청,목동중앙남로
210,꿈자람 작은도서관,37.544781,126.864407,양천구,서울특별시 양천구 목동중앙남로 16나길 55,서울특별시 양천구청,목동중앙남로
211,달마을작은도서관,37.546114,126.87168100000001,양천구,서울특별시 양천구 목동중앙본로 120,서울특별시 양천구청,목동중앙본로
212,영어특성화도서관,37.515935999999996,126.86386499999999,양천구,서울특별시 양천구 화곡로4길 10,서울특별시 양천구청,화곡로4길
213,해맞이역사도서관,37.519047,126.83556499999999,양천구,서울특별시 양천구 화곡로4길 10,서울특별시 양천구청,화곡로4길
214,방아다리문학도서관,37.538525899999996,126.8271645,양천구,서울특별시 양천구 화곡로4길 10,서울특별시 양천구청,화곡로4길
215,개울건강도서관,37.526047999999996,126.85656599999999,양천구,서울특별시 양천구 중앙로52길 56,서울특별시 양천구청,중앙로52길
216,목마교육도서관,37.537171,126.881672,양천구,서울특별시 양천구 목동서로 11,서울특별시 양천구청,목동서로
217,미감도서관,37.538939,126.86546299999999,양천구,서울특별시 양천구 목동중앙남로 57-10,서울특별시 양천구청,목동중앙남로
218,신월음악도서관,37.524657,126.84006200000002,양천구,서울특별시 양천구 오목로5길 34,서울특별시 양천구청,오목로5길
219,갈산도서관,37.508835999999995,123.86733400000001,양천구,서울특별시 양천구 목동남로 4길 48-6,서울특별시 양천구청,목동남로
220,국사봉숲속작은도서관,37.4954320648,126.9405908581,동작구,서울특별시 동작구 양녕로23길27,서울특별시 동작구청,주의!!서울특별시 동작구 양녕로23길27
221,다울작은도서관,37.4788487,126.9732460032,동작구,서울특별시 동작구 사당로20길132,서울특별시 동작구청,주의!!서울특별시 동작구 사당로20길132
222,동작샘터도서관,37.488360899999996,126.977553,동작구,서울특별시 동작구 동작대로29길 63-26,서울특별시 동작구청,동작대로29길
223,약수도서관,37.497851000000004,126.9474396,동작구,서울특별시 동작구 양녕로22바길 64,서울특별시 동작구청,양녕로22바길
224,사당솔밭도서관,37.484056,126.96736899999999,동작구,서울특별시 동작구 솔밭로 86,서울특별시 동작구청,솔밭로
462,노원정보도서관,37.661100289699995,127.06500812450001,노원구　,서울특별시 노원구 노원로34길 43(상계동),노원구구립도서관,노원로34길
463,노원어린이도서관,37.657950851500004,127.0763790514,노원구　,서울특별시 노원구 한글비석로 346(중계동),노원구구립도서관,한글비석로
464,월계문화정보도서관,37.628636998699996,127.0561210123,노원구　,서울특별시 노원구 월계로 319(월계동),노원구구립도서관,월계로
465,상계문화정보도서관,37.678528117199996,127.0519415788,노원구　,서울특별시 노원구 동일로243길 57 (상계동),노원구구립도서관,동일로243길
466,불암도서관,37.661100289699995,127.06500812450001,노원구　,서울특별시 노원구 노원로34길 43(상계동),노원구구립도서관,노원로34길
467,화랑도서관,37.6215213438,127.0830475523,노원구　,서울특별시 노원구 노원로1나길 10 (공릉동),노원구구립도서관,노원로1나길
468,한내도서관,37.6235883764,127.0687815367,노원구　,서울특별시 노원구 마들로 86(월계동 1-1),노원구구립도서관,마들로
469,향기나무도서관,37.6235883764,127.0687815367,노원구　,서울특별시 노원구 마들로 86(월계동 1-1),노원구구립도서관,마들로
470,공릉도서관,37.6235883764,127.0687815367,노원구　,서울특별시 노원구 마들로 86(월계동 1-1),노원구구립도서관,마들로
471,월계어린이도서관,37.6235883764,127.0687815367,노원구　,서울특별시 노원구 마들로 86(월계동 1-1),노원구구립도서관,마들로
472,꿈꾸는작은도서관,37.6199913215,127.0628835944,노원구　,서울특별시 노원구 석계로 59 (월계동 928),노원구구립도서관,석계로
473,달내작은도서관,37.632510053800004,127.0507811632,노원구　,서울특별시 노원구 초안산로5길 28(월계동 777번지),노원구구립도서관,초안산로5길
474,도란도란작은도서관,37.6247782832,127.0737487566,노원구　,서울특별시 노원구 동일로186길 3-24(공릉동 499-25),노원구구립도서관,동일로186길
475,책이랑친구랑작은도서관,37.621286854000004,127.08337804879999,노원구　,서울특별시 노원구 노원로1길 68(공릉동 87-7),노원구구립도서관,노원로1길
476,가재울작은도서관,37.6405606854,127.0725588183,노원구　,서울특별시 노원구 노원로 261(하계동 251-2),노원구구립도서관,노원로
477,열린작은도서관,37.6320437141,127.0679509873,노원구　,서울특별시 노원구 공릉로55길 88(하계동 273-2),노원구구립도서관,공릉로55길
478,책누리작은도서관,37.6478031949,127.08028476700001,노원구　,서울특별시 노원구 중계로 143(중계동 363-4),노원구구립도서관,중계로
479,책사랑북카페,37.6525478478,127.0774749928,노원구　,서울특별시 노원구 한글비석로 279(중계동 359-5),노원구구립도서관,한글비석로
480,하늘작은도서관,37.6421306904,127.06873064610001,노원구　,서울특별시 노원구 노원로 17길 56(중계동 511-1),노원구구립도서관,노원로
481,중계사랑북카페,37.6587642944,127.07797557090001,노원구　,서울특별시 노원구 덕릉로82길 50(중계동 369-2),노원구구립도서관,덕릉로82길
482,푸른숲작은도서관,37.6799286708,127.05496252379999,노원구　,서울특별시 노원구 동일로 1697(상계동 1259),노원구구립도서관,동일로
484,파랑새작은도서관,37.6574839423,127.06786537100001,노원구　,서울특별시 노원구 상계로 118 (상계2동 공공복합청사 2층),노원구구립도서관,상계로
485,수락작은도서관,37.6729096975,127.08323627700001,노원구　,서울특별시 노원구 덕릉로 859(상계동 37-7),노원구구립도서관,덕릉로
486,해솔작은도서관,37.662979056,127.0693664138,노원구　,서울특별시 노원구 한글비석로 434(상계동 167-2),노원구구립도서관,한글비석로
487,메아리작은도서관,,,노원구　,서울특별시 노원구 노해길 183(상계6.7동 701-1),노원구구립도서관,노해길
488,반디작은도서관,37.6667362667,127.0515525307,노원구　,서울특별시 노원구 동일로227길 97(상계동 658),노원구구립도서관,동일로227길
489,한울작은도서관,37.6645210633,127.0638187842,노원구　,서울특별시 노원구 한글비석로 487(상계동 682),노원구구립도서관,한글비석로
490,가온작은도서관,37.6612866101,127.0602618665,노원구　,서울특별시 노원구 노원로 530(상계동 671),노원구구립도서관,노원로
491,노원문화원,37.6287990843,127.06980136709998,노원구　,서울특별시 노원구 동일로 197길 24(공릉동 710번지),노원구구립도서관,동일로
492,상계숲속작은도서관,37.6667362667,127.0515525307,노원구　,서울특별시 노원구 동일로 227길 97(상계동 658),노원구구립도서관,동일로
493,초안산숲속작은도서관,37.632080144,127.04442759770001,노원구　,서울특별시 노원구 덕릉로 60길 199 (월계2동 905-12),노원구구립도서관,덕릉로
494,한내행복발전소,37.6265077394,127.06197830459999,노원구　,서울특별시 노원구 마들로3길 15(월계이마트 부지),노원구구립도서관,마들로3길
495,육사작은도서관,37.6201219612,127.08941637299999,노원구　,서울특별시 노원구 화랑로 564(육사아파트 복지동내),-,화랑로
496,KB국민은행과 함께하는 나무작은도서관,,,노원구　,서울특별시 노원구 동일로 1405 (KB국민은행 노원 지점 1층),노원구구립도서관,동일로
593,꿈나무도서관,37.4898783759,126.886559298,구로구,"서울특별시 구로구 구로동로26길 54, 2층 (구로구시설관리공단)",구로문화원,구로동로26길
594,꿈마을도서관,37.487167,126.890156,구로구,서울특별시 구로구 디지털로27다길 65 (2층),구로문화원,디지털로27다길
595,구로구립온누리도서관,37.497461240999996,126.88655235200001,구로구,"서울특별시 구로구 구로중앙로27나길 9, 4층 (온누리관)",구로문화원,구로중앙로27나길
596,개봉어린이도서관,37.496705,126.8559120257,구로구,서울특별시 구로구 경인로 318-15,구로문화원,경인로
597,하늘도서관,37.487375665,126.8813482699,구로구,서울특별시 구로구 구로동로13길 68,구로문화원,구로동로13길
598,개봉도서관,37.4895231088,126.8579747911,구로구,서울특별시 구로구 개봉로16길 30-11,구로문화원,개봉로16길
599,글마루한옥어린이도서관,37.5069150594,126.84562700000001,구로구,서울특별시 구로구 고척로27바길 7,구로문화원,고척로27바길
600,궁동어린이도서관,37.502239,126.8292613686,구로구,서울특별시 구로구 오리로 1352,구로문화원,오리로
601,신도림어린이영어작은도서관,37.5077808913,126.88059299999999,구로구,서울특별시 구로구 신도림로 40,구로문화원,신도림로
602,구로기적의도서관,37.5067360319,126.87731200000002,구로구,서울특별시 구로구 구로중앙로40길 24,책읽는사회문화재단,구로중앙로40길
603,오류도서관,37.497223077600005,126.8423227701,구로구,서울특별시 구로구 경인로19길 29-4,구로구청,경인로19길
847,서울특별시교육청송파도서관,37.49993098,127.1348112,송파구,서울특별시 송파구 동남로 263,서울특별시교육청,동남로
967,도림동공립작은도서관,37.509966999999996,126.9080504209,영등포구,서울특별시 영등포구 도신로33길 4,서울특별시 영등포구청,도신로33길
968,당산2동공립작은도서관,37.534708199,126.9020869157,영등포구,서울특별시 영등포구 당산로 235,서울특별시 영등포구청,당산로
969,당산1동공립작은도서관,37.523058,126.8984640301,영등포구,서울특별시 영등포구 영등포로25길 24,서울특별시 영등포구청,영등포로25길
970,여의동공립작은도서관,37.517658000000004,126.93461424659999,영등포구,서울특별시 영등포구 국제금융로124,서울특별시 영등포구청,주의!!서울특별시 영등포구 국제금융로124
971,영등포동공립작은도서관,37.5251004299,126.902701312,영등포구,서울특별시 영등포구 영신로200,서울특별시 영등포구청,주의!!서울특별시 영등포구 영신로200
972,신길2동(분소)공립작은도서관,37.5136578488,126.9170766384,영등포구,서울특별시 영등포구 영등포로64길15,서울특별시 영등포구청,주의!!서울특별시 영등포구 영등포로64길15
973,영등포본동공립작은도서관,37.514649,126.90933868299999,영등포구,서울특별시 영등포구 신길로61길 17,서울특별시 영등포구청,신길로61길
974,영등포구지부공립작은도서관,37.526010082,126.90011174290001,영등포구,서울특별시 영등포구 국회대로 596,서울특별시 영등포구청,국회대로
975,여의디지털도서관,37.5221796951,126.91991790889999,영등포구,서울특별시 영등포구 여의대로 24,영등포문화재단,여의대로
976,선유정보문화도서관,37.533330738400004,126.8929379628,영등포구,서울특별시 영등포구 선유로 43가길 10-8,영등포문화재단,선유로
977,문래정보문화도서관,37.5168549495,126.8908937629,영등포구,서울특별시 영등포구 문래로20길 49,영등포문화재단,문래로20길
978,대림정보문화도서관,37.5043176474,126.89607823950001,영등포구,서울특별시 영등포구 도신로27,영등포문화재단,주의!!서울특별시 영등포구 도신로27
979,목화마을공립작은도서관,37.5189805683,126.88627997,영등포구,서울특별시 영등포구 선유로 13길 25,서울특별시 영등포구청,선유로
980,대림3동공립작은도서관,37.498301,126.8980361789,영등포구,서울특별시 영등포구 대림로197,서울특별시 영등포구청,주의!!서울특별시 영등포구 대림로197
981,대림2동공립작은도서관,37.492739810799996,126.8982518231,영등포구,서울특별시 영등포구 대림로23길25,서울특별시 영등포구청,주의!!서울특별시 영등포구 대림로23길25
982,대림1동공립작은도서관,37.4953953486,126.90620019139999,영등포구,서울특별시 영등포구 디지털로441,서울특별시 영등포구청,주의!!서울특별시 영등포구 디지털로441
983,신길7동공립작은도서관,37.506384999999995,126.9215136423,영등포구,서울특별시 영등포구 여의대방로43길10,서울특별시 영등포구청,주의!!서울특별시 영등포구 여의대방로43길10
984,신길6동공립작은도서관,37.4992023763,126.91242886110001,영등포구,서울특별시 영등포구 대방천로 193,서울특별시 영등포구청,대방천로
985,신길5동공립작은도서관,37.501614000000004,126.905219788,영등포구,서울특별시 영등포구 도림로264,서울특별시 영등포구청,주의!!서울특별시 영등포구 도림로264
986,신길4동공립작은도서관,37.508428,126.9112779842,영등포구,서울특별시 영등포구 신길로42길1,서울특별시 영등포구청,주의!!서울특별시 영등포구 신길로42길1
987,신길3동공립작은도서관,37.507284999999996,126.90775061379999,영등포구,서울특별시 영등포구 신길로41라길13-8,서울특별시 영등포구청,주의!!서울특별시 영등포구 신길로41라길13-8
988,신길1동공립작은도서관,37.511134999999996,126.92144077469999,영등포구,서울특별시 영등포구 영등포로84길24-5,서울특별시 영등포구청,주의!!서울특별시 영등포구 영등포로84길24-5
989,양평2동공립작은도서관,37.5364996477,126.89403772450001,영등포구,서울특별시영등포구 선유로47길30(4층),서울특별시 영등포구청,주의!!서울특별시영등포구 선유로47길30(4층)
990,양평1동공립작은도서관,37.523615,126.8882276932,영등포구,서울특별시 영등포구 영등포로11길12,서울특별시 영등포구청,주의!!서울특별시 영등포구 영등포로11길12
991,문래동공립작은도서관,37.5155327039,126.89135718899999,영등포구,서울특별시 영등포구 도림로141가길16,서울특별시 영등포구청,주의!!서울특별시 영등포구 도림로141가길16
992,청운문학도서관,37.5903786,126.9659189,종로구,서울특별시 종로구 자하문로36길 40,종로문화재단,자하문로36길
993,아름꿈도서관,37.5726975,127.01711570000002,종로구,서울특별시 종로구 종로58가길 19,종로문화재단,종로58가길
994,어린이청소년국학도서관,37.5886859,126.9955389,종로구,서울특별시 종로구 명륜길 26(명륜동 와룡문화센터 5층),종로구,명륜길
995,작은도서관 삼봉서랑,37.573197799999996,126.9788134,종로구,서울특별시 종로구 삼봉로 43,종로문화재단,삼봉로
996,삼청공원 숲속도서관,37.5879786,126.98408540000001,종로구,서울특별시 종로구 북촌로 134-3,북촌인심협동조합,북촌로
997,우리소리도서관,37.574493100000005,126.99023290000001,종로구,"서울특별시 종로구 삼일대로30길 47(종로14가동 주민센터 4,5층)",종로문화재단,삼일대로30길
998,통인 어린이 작은도서관,37.5804256,126.9705288,종로구,서울특별시 종로구 자하문로13길 20,㈜다르앤코,자하문로13길
999,도담도담 한옥도서관,37.5769278,127.02183959999999,종로구,서울특별시 종로구 숭인동길 43,새마을문고 종로구지부,숭인동길
1001,청운효자동 북카페,37.5840909,126.9706225,종로구,서울특별시 종로구 자하문로 92(청운효자동 주민센터 2층),서울시도심권50플러스센터,자하문로
1002,꿈꾸는 평창동 작은도서관,37.606373600000005,126.96836680000001,종로구,서울특별시 종로구 평창문화로 65(평창동 주민센터 2층),새마을문고 평창동분회,평창문화로
1003,무악다솜방,37.5759998,126.95815959999999,종로구,서울특별시 종로구 통일로14길 36(무악동 주민센터 2층),새마을문고 무악동분회,통일로14길
1004,홍파랑 북카페,37.5719142,126.9619608,종로구,서울특별시 종로구 송월길 154(교남동 주민센터 2층),새마을문고 교남동분회,송월길
1005,지혜만들기 작은도서관,37.572060799999996,127.00503049999999,종로구,서울특별시 종로구 종로35가길 19(종로56가동 주민센터 3층),새마을문고 종로5·6가동분회,종로35가길
1006,이화마을 작은도서관,37.5769802,127.00434709999999,종로구,서울특별시 종로구 이화장길 33(이화동 주민센터 2층),새마을문고 이화동분회,이화장길
1007,혜화마을 북카페,37.5868552,127.00056609999999,종로구,서울특별시 종로구 혜화로 12(혜화동 자치회관 4층),새마을문고 혜화동분회,혜화로
1008,창이 작은도서관,37.5744498,127.0108719,종로구,서울특별시 종로구 창신길 62(창신2동 주민센터 2층),새마을문고 창신2동분회,창신길
1009,숭인마루 작은도서관,37.577822600000005,127.01562709999999,종로구,서울특별시 종로구 지봉로 86(숭인1동 주민센터 2층),새마을문고 숭인1동분회,지봉로
1303,용답동어린이작은도서관,37.564066,127.055517,성동구,서울특별시 성동구 용답중앙 23길 20 (용답동),서울특별시 성동구,용답중앙
1304,송정동늘푸른작은도서관,37.5510117564,127.068522,성동구,서울특별시 성동구 송정 14길 19 (송정동),서울특별시 성동구,송정
1305,성수2가제3동작은도서관,37.54822203,127.055245898,성동구,서울특별시 성동구 광나루로 2길 35 (성수동2가),서울특별시 성동구,광나루로
1306,성수2가제1동어린이작은도서관,37.539501,127.05405,성동구,서울특별시 성동구 뚝섬로 385-19 (성수동2가),서울특별시 성동구,뚝섬로
1307,성수1가제2동어린이작은도서관,37.5464030037,127.0443495423,성동구,서울특별시 성동구 왕십리로 5길 3 (성수동1가),서울특별시 성동구,왕십리로
1308,성수1가제1동작은도서관,37.542037,127.04968600000001,성동구,서울특별시 성동구 뚝섬로 3길 18 (성수동1가),서울특별시 성동구,뚝섬로
1309,옥수동북카페,37.54367,127.01348600000001,성동구,서울특별시 성동구 독서당로 205-1 (옥수동),서울특별시 성동구,독서당로
1310,금호4가동어린이작은도서관,37.547171,127.02231,성동구,서울특별시 성동구 독서당로 46길 26 (금호동4가),서울특별시 성동구,독서당로
1311,"금호2,3가동어린이작은도서관",37.553233,127.02085044420001,성동구,서울특별시 성동구 무수막 18길1 (금호동2가),서울특별시 성동구,무수막
1312,금호1가동우리동네북카페책단지꿀단지,37.554834,127.02163700000001,성동구,서울특별시 성동구 행당로 15 (금호동1가),서울특별시 성동구,행당로
1313,응봉동어린이작은도서관,37.553118,127.033401,성동구,서울특별시 성동구 독서당로 424 (응봉동),서울특별시 성동구,독서당로
1314,행당제2동어린이작은도서관,37.5582215718,127.02936100000001,성동구,서울특별시 성동구 행당로 9길 9 (행당동),서울특별시 성동구,행당로
1315,사근동어린이놀이터도서관,37.5614997515,127.0453273317,성동구,서울특별시 성동구 사근동길 37 (사근동),서울특별시 성동구,사근동길
1316,마장동작은도서관,37.5663182489,127.0454072202,성동구,서울특별시 성동구 마장로 42길11 (마장동),서울특별시 성동구,마장로
1317,왕십리제2동작은도서관,37.561057,127.0305138351,성동구,서울특별시 성동구 무학봉길 69 (하왕십리동),서울특별시 성동구,무학봉길
1318,왕십리도선동희망문고,37.567873934,127.0255270951,성동구,서울특별시 성동구 마장로 141 (상왕십리동),서울특별시 성동구,마장로
1319,성동구립청계도서관,37.567873934,127.0255270951,성동구,서울특별시 성동구 마장로 141,재단법인 성동문화재단,마장로
1320,성동구립성수도서관,37.5454289206,127.0469470775,성동구,서울특별시 성동구 뚝섬로 1길 43,재단법인 성동문화재단,뚝섬로
1321,성동구립무지개도서관,37.56342359,127.03696635870001,성동구,서울특별시 성동구 고산자로 270,재단법인 성동문화재단,고산자로
1322,성동구립용답도서관,37.5667014606,127.05131399999999,성동구,서울특별시 성동구 용답 중앙3길 10,재단법인 성동문화재단,용답
1323,성동구립금호도서관,37.554128462600005,127.0248931731,성동구,서울특별시 성동구 난계로 20,재단법인 성동문화재단,난계로
1325,성동구립도서관,37.559178705,127.03495872959999,성동구,서울특별시 성동구 고산자로 10길9,재단법인 성동문화재단,고산자로
1326,성동자활센터푸른하늘공부방청소년작은도서관,37.546026,127.01952,성동구,서울특별시 성동구 독서당로 272 금호대우임대아파트 관리사무소 지하 3층 (옥수동),서울특별시 성동구,독서당로
1565,길빛 작은도서관,37.4488336567,126.90482988030001,금천구,서울특별시 금천구 독산로 16,사립,독산로
1795,금천구립시흥도서관,37.449695,126.91461133799999,금천구,서울특별시 금천구 금하로 764,금천문화재단,금하로
1796,금천구립금나래도서관,37.4570651098,126.89603515569999,금천구,서울특별시 금천구 시흥대로73길 70,금천문화재단,시흥대로73길
1797,금천구립가산도서관,37.473492444899996,126.8921280211,금천구,서울특별시 금천구 가산로5길 43,금천문화재단,가산로5길
1798,금천구립독산도서관,37.467565,126.9081069091,금천구,서울특별시 금천구 독산로 54길 114,금천문화재단,독산로
1799,해오름작은도서관,37.4702207575,126.8970433842,금천구,서울특별시 금천구 시흥대로123길 11,구직영(문화체육과),시흥대로123길
1800,참새작은도서관,37.457387956999995,126.88654961959999,금천구,서울특별시 금천구 한내로 69-15,구직영(문화체육과),한내로
1801,미래향기작은도서관,37.46611089,126.89973700000002,금천구,서울특별시 금천구 범안로 1240-7,구직영(문화체육과),범안로
1802,청개구리작은도서관,37.475136,126.9031730792,금천구,서울특별시 금천구 독산로 317,구직영(문화체육과),독산로
1803,꿈씨어린이작은도서관,37.4675545179,126.902133,금천구,서울특별시 금천구 독산로232,구직영(문화체육과),주의!!서울특별시 금천구 독산로232
1804,맑은누리작은도서관,37.453534000000005,126.9032506671,금천구,서울특별시 금천구 시흥대로58길 36,구직영(문화체육과),시흥대로58길
1805,꿈꾸는작은도서관,37.440257,126.9058034955,금천구,서울특별시 금천구 시흥대로18길 40,구직영(문화체육과),시흥대로18길
1806,도란도란작은도서관,37.458965,126.906172,금천구,서울특별시 금천구 독산로36길 14,구직영(문화체육과),독산로36길
1807,책읽는주민사랑방작은도서관,37.452373,126.90830631600001,금천구,서울특별시 금천구 금하로21길 20,동직영(책읽는주민사랑방),금하로21길
1808,책이든거리작은도서관,37.466835545,126.8880003376,금천구,서울특별시 금천구 가산디지털1로 2(가산동 677번지),구직영(문화체육과-위탁)신일교회(책이든거리),가산디지털1로
1809,책달샘숲속작은도서관,37.46976,126.907878,금천구,서울특별시 금천구 독산동 373(감로천생태공원 내),구직영(문화체육과),독산동
1810,우리울 작은도서관,37.464934550900004,126.894003,금천구,"서울특별시 금천구 범안로12가길 49, 2층",사립,범안로12가길
1811,롯데캐슬1차 작은도서관,37.4600572231,126.89284358450001,금천구,서울특별시 금천구 벚꽃로40,사립,주의!!서울특별시 금천구 벚꽃로40
1812,지혜의숲 작은도서관,37.461814458,126.89928842440001,금천구,서울특별시 금천구 시흥대로90길 25,사립,시흥대로90길
1813,책읽는마을 작은도서관,37.4686517357,126.904183,금천구,서울특별시 금천구 독산로74길 31,사립,독산로74길
1814,트리니티 작은도서관,37.4571732931,126.90023300000001,금천구,서울특별시 금천구 시흥대로 72길 13,사립,시흥대로
1815,산돌어린이도서관,37.4576005532,126.89837299999999,금천구,서울특별시 금천구 시흥대로75길 12 (산돌문화센타 2층),사립,시흥대로75길
1816,소망의나무어린이 작은도서관,37.4545524516,126.90379640280001,금천구,서울특별시 금천구 금하로11길 14,사립,금하로11길
1817,은행나무어린이도서관,37.4522895785,126.913703,금천구,서울특별시 금천구 탑골로 43-8,사립,탑골로
1818,나누리 작은도서관,37.4531040787,126.908929,금천구,서울특별시 금천구 금하로23길 40,사립,금하로23길
1819,샘솟는 작은도서관,37.4652309498,126.9034345672,금천구,서울특별시 금천구 독산로64길 15,사립,독산로64길
1820,와서 작은도서관,37.483792,126.88365300000001,금천구,서울특별시 금천구 벚꽃로56길 62 B01,사립,벚꽃로56길
1990,세곡도서관,37.469049536,127.10691151200001,강남구,서울특별시 강남구 밤고개로 286 (세곡문화센터 2층),서울특별시 강남구청,밤고개로
1991,대치1작은도서관,37.4932457154,127.0567749211,강남구,서울특별시 강남구 남부순환로391길 19 (대치1문화센터 지하1층),서울특별시 강남구청,남부순환로391길
1992,역삼2동작은도서관,37.4958919676,127.0464772869,강남구,서울특별시 강남구 언주로 314(강남프라자 2층)역삼동 761-18,서울특별시 강남구청,언주로
1993,신사동작은도서관,37.5239742134,127.0227971109,강남구,"서울특별시 강남구 압구정로 128(신사동 주민센터5층), 신사동 548-1",서울특별시 강남구청,압구정로
1994,압구정동작은도서관,37.5267850089,127.02445419,강남구,서울특별시 강남구 압구정로 151(압구정동 주민센터 3층)압구정동 426,서울특별시 강남구청,압구정로
1995,도곡2동 작은도서관,37.4836995569,127.04641546209999,강남구,서울특별시 강남구 남부순환로 378길 34-9(도곡2문화센터 1층)도곡동 518-8,서울특별시 강남구청,남부순환로
1996,개포4동작은도서관,37.4788211208,127.05165832120001,강남구,서울특별시 강남구 개포로 38길 12(개포4동 주민센터 2층)개포동121-4,서울특별시 강남구청,개포로
1997,일원본동 작은도서관,37.4833778893,127.0864808145,강남구,서울특별시 강남구 광평로 126(일원본동 주민센터2층) 일원동 735-3,서울특별시 강남구청,광평로
1998,수서동 작은도서관,37.4889022875,127.1049904235,강남구,서울특별시 강남구 광평로 301-4(수서동 주민센터 2층)수서동 718-2,서울특별시 강남구청,광평로
1999,일원1동 작은도서관,37.4918534272,127.0880284367,강남구,서울특별시 강남구 양재대로55길 14(일원1동 주민센터 1층),서울특별시 강남구청,양재대로55길
2000,도곡정보문화도서관,37.4883118354,127.03887867530001,강남구,서울특별시 강남구 도곡로18길 57(도곡동 892-6),서울특별시 강남구청,도곡로18길
2001,논현도서관,37.517277909200004,127.0371879135,강남구,서울특별시 강남구 학동로43길 17 (논현2문화센터 6층),서울특별시 강남구청,학동로43길
2002,정다운도서관,37.5190982637,127.04644190450001,강남구,서울특별시 강남구 학동로67길 11 (청담평생학습관 3층),서울특별시 강남구청,학동로67길
2003,청담도서관,37.525090578400004,127.04929190620001,강남구,서울특별시 강남구 압구정로79길 26 (청담문화센터 7층),서울특별시 강남구청,압구정로79길
2004,대치도서관,37.4996164902,127.0659173375,강남구,서울특별시 강남구 삼성로 212 (은마상가 C블럭 2층),서울특별시 강남구청,삼성로
2005,이아이야작은도서관,37.58251157,126.90525929999998,은평구,서울특별시 은평구 증산서길 63-6,,증산서길
2006,즐거운도서관,37.4997288382,127.05784739129999,강남구,서울특별시 강남구 도곡로77길 23 (대치4문화센터 4층),서울특별시 강남구청,도곡로77길
2007,행복한도서관,37.5023060444,127.064187116,강남구,서울특별시 강남구 영동대로65길 24 (대치2문화센터 3층),서울특별시 강남구청,영동대로65길
2008,역삼푸른솔도서관,37.4964986404,127.0320300083,강남구,서울특별시 강남구 테헤란로8길 36 (강남문화원 4층),서울특별시 강남구청,테헤란로8길
2009,역삼도서관,37.4953738379,127.0332824836,강남구,서울특별시 강남구 역삼로7길 16 (역삼1문화센터 5층),서울특별시 강남구청,역삼로7길
2010,논현정보도서관,37.5138635176,127.0293227752,강남구,서울특별시 강남구 학동로 169 (논현1파출소 3층),서울특별시 강남구청,학동로
2011,열린도서관,37.4840208691,127.08445994440001,강남구,서울특별시 강남구 일원로115(삼성생명빌딩B동 203호),서울특별시 강남구청,일원로115(삼성생명빌딩B동
2012,삼성도서관,37.5143551261,127.0626093517,강남구,서울특별시 강남구 봉은사로 616 (삼성1동 주민센터 동관4층),서울특별시 강남구청,봉은사로
2013,못골도서관,37.471538010100005,127.09658258959999,강남구,서울특별시 강남구 자곡로 116,서울특별시 강남구청,자곡로
2014,못골한옥어린이도서관,37.4733049812,127.099727635,강남구,서울특별시 강남구 자곡로 7길 3 (자곡동 607),서울특별시 강남구청,자곡로
2153,중랑구립정보도서관,37.6151557,127.0869050507,중랑구,서울특별시 중랑구 신내로15길 197 (묵동),중랑구시설관리공단,신내로15길
2154,중랑구립면목정보도서관,37.5873561521,127.08755655959999,중랑구,서울특별시 중랑구 면목로 397 (면목동),중랑구시설관리공단,면목로
2155,중랑숲어린이도서관,37.602634,127.103926,중랑구,서울특별시 중랑구 망우로73길 46-1 (망우동),중랑구시설관리공단,망우로73길
2156,중화어린이도서관,37.595003999999996,127.0748924744,중랑구,서울특별시 중랑구 중랑역로3길 28 (중화동),중랑구시설관리공단,중랑역로3길
2157,양원숲속도서관,37.606825,127.110697,중랑구,서울특별시 중랑구 송림길 172 (망우동),중랑구시설관리공단,송림길
2158,중랑상봉도서관,37.5931272353,127.080932,중랑구,서울특별시 중랑구 동일로114길 10 (상봉동),중랑구시설관리공단,동일로114길
2167,성북정보도서관,37.6049514,127.05058580000001,성북구,서울특별시 성북구 화랑로 18자길 13,성북문화재단,화랑로
2168,바다의 별 작은도서관,37.6152603469,126.9264056222,은평구,서울특별시 은평구 통일로 786(불광동성당),,통일로
2169,아리랑도서관,37.60005935,127.01392859999999,성북구,서울특별시 성북구 아리랑로 82,성북문화재단,아리랑로
2170,해오름도서관,37.59290593,127.00940259999999,성북구,서울특별시 성북구 성북로4길 52,성북문화재단,성북로4길
2171,종암동새날도서관,37.599036100000006,127.03522199999999,성북구,서울특별시 성북구 종암로 98-8,성북문화재단,종암로
2172,서경로꿈마루도서관,37.61146229,127.0138628,성북구,서울특별시 성북구 서경로 94-1,성북문화재단,서경로
2173,석관동미리내도서관,37.613479299999995,127.06549220000001,성북구,서울특별시 성북구 한천로66길 203,성북문화재단,한천로66길
2174,달빛마루도서관,37.6050584,127.03098929999999,성북구,서울특별시 성북구 종암로 167,성북문화재단,종암로
2175,정릉도서관,37.60474125,127.01058190000002,성북구,서울특별시 성북구 정릉로 242,성북문화재단,정릉로
2176,청수도서관,37.61174732,127.0107732,성북구,서울특별시 성북구 보국문로 16가길 20,성북문화재단,보국문로
2177,아리랑어린이도서관,37.59883044,127.01362490000001,성북구,서울특별시 성북구 아리랑로 75,성북문화재단,아리랑로
2178,이음도서관,37.58941179999999,127.01683270000001,성북구,서울특별시 성북구 보문로 168,성북문화재단,보문로
2179,월곡꿈그림도서관,37.60507324,127.04136740000001,성북구,서울특별시 성북구 화랑로 13길 17,성북문화재단,화랑로
2180,장위행복누림도서관,37.61589067,127.04583600000001,성북구,서울특별시 성북구 장위로21다길 53,성북문화재단,장위로21다길
2181,성북길빛도서관,37.60996089,127.026443,성북구,서울특별시 성북구 숭인로 8길 52,성북문화재단,숭인로
2188,송파글마루도서관,37.480832692199996,127.1304765731,송파구,서울특별시 송파구 충민로 120 (장지동),서울특별시 송파구청,충민로
2189,송파어린이도서관,37.5121012604,127.0824284892,송파구,서울특별시 송파구 올림픽로 105 (잠실동),서울특별시 송파구청,올림픽로
2190,거마도서관,37.493545000000005,127.1468273964,송파구,서울특별시 송파구 거마로2길 19 (거여동),서울특별시 송파구청,거마로2길
2191,소나무언덕1호,37.5274169166,127.1180408616,송파구,서울특별시 송파구 올림픽로 47길 9 (풍납동),서울특별시 송파구청,올림픽로
2192,소나무언덕2호,37.507266666199996,127.09421729809999,송파구,서울특별시 송파구 석촌호수로 155 (잠실동),서울특별시 송파구청,석촌호수로
2193,소나무언덕3호,37.492325,127.15661899999999,송파구,서울특별시 송파구 성내천로 319 (마천동),서울특별시 송파구청,성내천로
2194,소나무언덕4호,37.502207,127.116836,송파구,서울특별시 송파구 송이로 34 (송파동),서울특별시 송파구청,송이로
2195,소나무언덕 잠실본동,37.5031008494,127.07887195709999,송파구,서울특별시 송파구 탄천동로 211 (잠실동),서울특별시 송파구청,탄천동로
2196,송파어린이영어,37.5223926038,127.10298301430001,송파구,서울특별시 송파구 오금로 1 (신천동),서울특별시 송파구청,오금로
2197,돌마리도서관,37.5035646147,127.1036854792,송파구,서울특별시 송파구 백제고분로37길 16 (석촌동),서울특별시 송파구청,백제고분로37길
2198,송파위례도서관,37.4811666537,127.1439359526,송파구,서울특별시 송파구 위례광장로 210 (장지동),서울특별시 송파구청,위례광장로
2199,은평구립도서관,37.61897412,126.92826740000001,은평구,서울특별시 은평구 통일로78가길 13-84,사회복지법인 인덕원,통일로78가길
2200,증산정보도서관,37.5828079079,126.9076711057,은평구,서울특별시 은평구 증산로5길 6,사회복지법인 인덕원,증산로5길
2201,응암정보도서관,37.5859665629,126.9196820594,은평구,서울특별시 은평구 가좌로 7길 15,대한성결교회 유지재단,가좌로
2202,상림마을작은도서관,37.6442159908,126.9289423548,은평구,서울특별시 은평구 진관4로 48-25,사회복지법인 인덕원,진관4로
2203,은평뉴타운 도서관,37.6372303968,126.9331183475,은평구,서울특별시 은평구 진관2로 111-51,사회복지법인 인덕원,진관2로
2204,구산동 도서관마을,37.6095101902,126.9130879469,은평구,서울특별시 은평구 연서로 13길 29-23,은평도서관마을 협동조합,연서로
2205,내를건너서숲으로도서관,37.591414,126.907816,은평구,서울특별시 은평구 증산로17길 51,사단법인더불어배움,증산로17길
2206,은뜨락도서관,37.6301404375,126.9199290898,은평구,서울특별시 은평구 통일로 972,재단법인횃불장확회,통일로
2207,은평작은도서관,37.6024569702,126.92882355,은평구,서울특별시 은평구 은평로 195 (은평구청 1층),,은평로
2208,녹번만화도서관,37.6011055255,126.93514829680001,은평구,서울특별시 은평구 은평로 245,,은평로
2209,다섯콩작은도서관,,,은평구,서울특별시 은평구 서오릉로4길 10. 성암비전센터 2층,,서오릉로4길
2210,어린이도서관 동네북,,,은평구,서울특별시 은평구 진흥로 174?(녹번동) 양광비젼센터2층?,,진흥로
2211,Book Bridge 작은 도서관,37.59957186,126.9368368,은평구,서울특별시 은평구 서울시 은평구 통일로 590 B동 204호,,서울시
2212,북한산 힐스테이트  1차 솔숲문고,,,은평구,서울특별시 은평구 불광로2길 33 1110동 지하 주차장1층,,불광로2길
2213,은광교회도서관,37.6127035625,126.9297845,은평구,서울특별시 은평구 통일로68길 11,,통일로68길
2214,비전뜰 도서관,37.6257009642,126.92079930959999,은평구,서울특별시 은평구 통일로92길 6,,통일로92길
2215,다니엘 작은도서관,37.62578369,126.9275146,은평구,서울특별시 은평구 연서로41길 13-3 부림교회,,연서로41길
2216,천주교연신내성당 북카페,37.6272305269,126.9287908705,은평구,서울특별시 은평구 연서로43길 6,,연서로43길
2217,꿈담은 작은 도서관,37.62566023,126.9285396,은평구,서울특별시 은평구 은평구 연서로41길 4,,은평구
2218,갈현1동 고리마루작은도서관 (갈현1동 주민센터),37.6236871299,126.916679,은평구,서울특별시 은평구 갈현로 301(갈현동),,갈현로
2219,정임도서관,37.62781878,126.91929270000001,은평구,서울특별시 은평구 통일로 951 서광교회 (갈현동),,통일로
2220,효경골 마을문고 (갈현2동 주민센터),37.6186769946,126.91577761280001,은평구,서울특별시 은평구 연서로27길 31-6 (갈현동),,연서로27길
2221,청소년도서관 작공,37.61491999,126.91618600000001,은평구,서울특별시 은평구 연서로21길 16 (갈현동),,연서로21길
2222,무지개영어도서관,37.61494677,126.9075233,은평구,서울특별시 은평구 서오릉로21길 11 ?(구산동),,서오릉로21길
2223,대조꿈나무어린이도서관,37.61387527,126.9207138,은평구,서울특별시 은평구 연서로20길 24-6 ?(대조동),,연서로20길
2224,대조제일교회  꿈꾸는 작은도서관,37.61191616,126.9253585,은평구,서울특별시 은평구 역말로10가길 22-12 ?(대조동)?,,역말로10가길
2225,징검다리 도서관,37.61079028,126.91834399999999,은평구,서울특별시 은평구 서오릉로 132 ?(대조동),,서오릉로
2226,은평문화의집 작은도서관 (응암1동 주민센터),37.60075892,126.92690400000001,은평구,서울특별시 은평구 백련산로 179 ?(응암동),,백련산로
2227,포수마을 만화도서관,,,은평구,서울특별시 은평구 응암동 114-9,,응암동
2228,응암도서관,37.60030754,126.92963540000001,은평구,서울특별시 은평구 응암로16길 12-1 ?(응암동),,응암로16길
2229,푸른풀밭 작은도서관,37.59883886,126.92007609999999,은평구,서울특별시 은평구 은평로8길 18 2층 (응암동),,은평로8길
2230,응암2동 매바위북카페 (응암2동 주민센터),37.59434778,126.92316890000001,은평구,서울특별시 은평구 백련산로 100 ?(응암동)?,,백련산로
2231,꿈샘도서관,37.59262923,126.92069440000002,은평구,서울특별시 은평구 응암로20길 23 ?(응암동),,응암로20길
2232,백련산힐스 작은도서관,,,은평구,서울특별시 은평구 백련산로 38 힐스테이트 208동 지하1층,,백련산로
2233,불광천 작은도서관 (응암정보도서관 운영),37.5904858592,126.9144370871,은평구,서울특별시 은평구 불광천길 370 (불광천 휴게데크 위),,불광천길
2234,서문어린이도서관,37.59165203,126.91675015950001,은평구,서울특별시 은평구 가좌로10길 10,,가좌로10길
2235,은평어린이영어도서관 (평생학습관 1층),37.6077869,126.9213295,은평구,서울특별시 은평구 서오릉로 87 1층 (역촌동),,서오릉로
2236,역마루 작은도서관 (역촌동 주민센터),37.60435017,126.91517830000001,은평구,서울특별시 은평구 연서로 59 ?(역촌동)?,,연서로
2237,영광영재도서관,,,은평구,서울특별시 은평구 갈현로7가길 9 ? 제일영광교회(역촌동),,갈현로7가길
2238,예뜰도서관,37.59970722,126.9150085,은평구,서울특별시 은평구 은평로3길 10 은광교회(역촌동),,은평로3길
2239,꿈꾸는 작은도서관 (꿈꾸는 다락방),37.601996215999996,126.9185323915,은평구,서울특별시 은평구 진흥로 1길17,,진흥로
2240,초록길도서관,37.6039323,126.9124473,은평구,"서울특별시 은평구 연서로5길 28 ? (역촌동, 부호아파트)",,연서로5길
2241,꿈마루 작은 도서관,37.60262325,126.91889350000001,은평구,서울특별시 은평구 은평구 진흥로 5길 19,,은평구
2242,청소년문화공간JU역촌동  작은 도서관,37.60549462,126.91203349999999,은평구,서울특별시 은평구 서울시 은평구 역말로 14 3층,,서울시
2243,신사어린이도서관,37.598048937,126.9121456,은평구,서울특별시 은평구 은평로 38 (신사 종합사회복지관 5층),,은평로
2244,시루뫼쉼터 (증산동 주민센터),37.58425844,126.907082,은평구,서울특별시 은평구 증산서길 89 4층,,증산서길
2245,성산작은도서관,37.5841771285,126.9073025923,은평구,"서울특별시 은평구 증산서길 90 (증산동,성산교회)",,증산서길
2246,서영 영어전문 작은도서관,37.5865298724,126.9111446384,은평구,서울특별시 은평구 증산로11길 7-12,,증산로11길
2247,물빛마을작은도서관,,,은평구,서울특별시 은평구 은평터널로 48 은평종합사회복지관 4층(수색동),,은평터널로
2248,수색한숲도서관,,,은평구,서울특별시 은평구 은평터널로 66 수색한숲타운아파트 제2관리사무소 관리동1층,,은평터널로
2249,은평노인종합복지관 작은 도서관,37.6322515345,126.9299824191,은평구,서울특별시 은평구 연서로 415 (은평노인 종합복지관1층),,연서로
2250,상림6 작은도서관,,,은평구,서울특별시 은평구 진관4로 107 621동 1층(1지구),,진관4로
2251,은평뉴타운 상림마을  제7단지 문고(푸른꿈),,,은평구,서울특별시 은평구 진관4로 100 608동 1층(1지구),,진관4로
2252,은평뉴타운5단지,,,은평구,서울특별시 은평구 진관4로 87 629동 1층(1지구),,진관4로
2253,모퉁이작은도서관(은평뉴타운 상림마을 14단지 마을문고),,,은평구,서울특별시 은평구 진관4로 48-51 730동 1층(1지구),,진관4로
2254,롯데캐슬문고,,,은평구,서울특별시 은평구 진관3로 70 830동 1층(1지구),,진관3로
2255,상림책마루작은도서관,,,은평구,서울특별시 은평구 진관4로 17 810동 1층(1지구),,진관4로
2256,우물골작은도서관,,,은평구,서울특별시 은평구 진관2로 77 206동 1층(2지구),,진관2로
2257,큰꿈(을 키우는 작은)도서관,,,은평구,서울특별시 은평구 진관2로 57-37 244동 1층(2지구),,진관2로
2258,래미안 푸른숲 도서관,,,은평구,서울특별시 은평구 진관3로 77 924동 1층(3지구),,진관3로
2259,두드림 도서관,,,은평구,서울특별시 은평구 진관3로 15-35 1001동 1층(3지구),,진관3로
2260,종이책갈피 작은도서관,,,은평구,서울특별시 은평구 진관3로 67 912동 1층(3지구),,진관3로
2261,푸른작은도서관,,,은평구,서울특별시 은평구 연서로 455 537동 1층(3지구),,연서로
2262,솔빛도서관,,,은평구,서울특별시 은평구 연서로 487 524동 1층(3지구),,연서로
2263,샘터작은도서관,,,은평구,서울특별시 은평구 진관2로 111-7 220동 지하1층(2지구),,진관2로
2264,책뜰에도서관,,,은평구,서울특별시 은평구 북한산로 2 1023동 1층(3지구),,북한산로
2265,마고정 작은도서관,37.63395286,126.9227981301,은평구,서울특별시 은평구 진관2로 60(진관동 105) 335동 1층 (관리소 334동),,진관2로
2266,숲속 향기 작은도서관,,,은평구,서울특별시 은평구 연서로48길 12 501동 앞,,연서로48길
2267,지혜누리작은도서관,,,은평구,서울특별시 은평구 연서로44길 30 425동 2층,,연서로44길
2268,꿈지락작은도서관,37.63174889,126.929022,은평구,서울특별시 은평구 진관1로 77-8 401동,,진관1로
2269,꿈꾸는i작은도서관,37.640262400000005,126.9211419425,은평구,서울특별시 은평구 진관3로 42 (1지구) (은평제일교회),,진관3로
2270,산책마을 SH작은도서관,,,은평구,서울특별시 은평구 연서로46길 7 1110동 B1,,연서로46길
2271,나누리작은도서관,,,은평구,서울특별시 은평구 진관1로 55 마고정11단지아파트 308동 지층,,진관1로
2272,두근두근작은도서관 (마고정 3단지 도서관),,,은평구,서울특별시 은평구 은평구 진관2로 90 마고정3단지아파트 314동 지층 문고,,은평구
2273,물푸레작은도서관,,,은평구,서울특별시 은평구 은평구 진관4로 48-51 상림마을 742동 1층,,은평구
2274,새자람작은도서관,,,은평구,서울특별시 은평구 은평구 대서문길 36 116동 201호,,은평구
2275,지웰작은도서관,37.64427599,126.9312529,은평구,서울특별시 은평구 은평구 진관4로 78-38,,은평구
2276,사랑꿈터 작은 도서관,,,은평구,서울특별시 은평구 은평구 진관4로 47 706동 1층,,은평구
2277,구립 청파도서관,37.5539248195,126.96760591719999,용산구,서울특별시 용산구 청파로93길 27,용산구,청파로93길
2278,용산 꿈나무도서관,,,용산구,서울특별시 용산구 녹사평대로329,용산구,주의!!서울특별시 용산구 녹사평대로329
2279,청파 어린이 영어도서관,37.5454736959,126.9685012617,용산구,서울특별시 용산구 청파로49길 34,용산구,청파로49길
2280,용암 어린이 영어도서관,37.5410187594,126.98469285879999,용산구,서울특별시 용산구 신흥로3가길21-7,용산구,주의!!서울특별시 용산구 신흥로3가길21-7
2281,북카페 청마루,37.532452654800004,126.990478255,용산구,서울특별시 용산구 녹사평대로150,용산구,주의!!서울특별시 용산구 녹사평대로150
2282,후암동작은도서관 북앤캠프,37.5486978477,126.9781504584,용산구,서울특별시 용산구 후암로32-6,용산구,주의!!서울특별시 용산구 후암로32-6
2283,해다올 작은도서관,37.5460752787,126.98556994020001,용산구,서울특별시 용산구 신흥로90,용산구,주의!!서울특별시 용산구 신흥로90
2284,남영동 작은도서관,37.5457054867,126.973090878,용산구,서울특별시 용산구 두텁바위로1길 13,용산구,두텁바위로1길
2285,원효로제2동 작은도서관 두드림,37.5343532215,126.9515482962,용산구,서울특별시 용산구 효창원로8길 3,용산구,효창원로8길
2286,효창동 작은도서관,37.5425092453,126.96184001350001,용산구,서울특별시 용산구 효창원로161,용산구,주의!!서울특별시 용산구 효창원로161
2287,오렌지나무 작은도서관,37.5389542495,126.95758291879999,용산구,서울특별시 용산구 새창로12길13,용산구,주의!!서울특별시 용산구 새창로12길13
2288,한강로동 작은도서관,37.528142242600005,126.9692280709,용산구,서울특별시 용산구 한강대로38길 28,용산구,한강대로38길
2289,이촌2동 작은도서관,37.5262814836,126.9546577844,용산구,서울특별시 용산구 이촌로18길 20,용산구,이촌로18길
2290,회나무 작은도서관,37.5419023243,126.9901964343,용산구,서울특별시 용산구 회나무로13길 58,용산구,회나무로13길
2291,한남동 작은도서관,37.5348569089,127.00026701559999,용산구,서울특별시 용산구 이태원로224-19,용산구,주의!!서울특별시 용산구 이태원로224-19
2292,서빙고동 작은도서관,37.5204767979,126.9946516618,용산구,서울특별시 용산구 서빙고로 279,용산구,서빙고로
2293,작은도서관 꿈꾸는 책마을,37.5263009993,127.00018100690001,용산구,서울특별시 용산구 장문로95,용산구,주의!!서울특별시 용산구 장문로95
2294,별밭 작은도서관,37.5263009993,127.00018100690001,용산구,서울특별시 용산구 장문로95,용산구,주의!!서울특별시 용산구 장문로95
2413,아리향기작은도서관,37.5537722631,126.87096717950001,강서구,서울특별시 강서구 양천로67가길 63 염창동주민센터 2층,미지회,양천로67가길
2414,생각열매작은도서관,37.5558271585,126.8589083578,강서구,서울특별시 강서구 공항대로53가길 55 등촌1동주민센터 2층,새마을문고,공항대로53가길
2415,등마루골작은도서관,37.5426588112,126.8625043154,강서구,서울특별시 강서구 등촌로 143 등촌2동주민센터 2층,-,등촌로
2416,큰마음작은도서관,37.5588877164,126.8479197486,강서구,서울특별시 강서구 화곡로63길 96 등촌3동주민센터 2층,새마을문고,화곡로63길
2417,초록향기작은도서관,37.544049762,126.8476647418,강서구,서울특별시 강서구 초록마을로5길 29 화곡본동주민센터 2층,새마을문고,초록마을로5길
2418,꿈터작은도서관,37.5305087588,126.8415920159,강서구,서울특별시 강서구 곰달래로 79 화곡1동주민센터 3층,새마을문고,곰달래로
2419,옹달샘작은도서관,37.5318263957,126.85448691040001,강서구,서울특별시 강서구 곰달래로37길 13 화곡2동주민센터 2층,곰달래봉사단,곰달래로37길
2420,책마루작은도서관,37.5425273892,126.8384118654,강서구,서울특별시 강서구 강서로33가길 17 화곡3동주민센터 2층,새마을문고,강서로33가길
2421,볏고을작은도서관,37.534684775100004,126.8608037254,강서구,서울특별시 강서구 곰달래로57가길 26 화곡4동주민센터2층,-,곰달래로57가길
2422,역마을작은도서관,37.5518158458,126.85007525350001,강서구,서울특별시 강서구 화곡로 312 화곡6동주민센터 2층,-,화곡로
2423,배다리작은도서관,37.532694422,126.84833046950001,강서구,서울특별시 강서구 곰달래로25길 45 화곡8동주민센터 2층,-,곰달래로25길
2424,내발산작은도서관,37.557497607399995,126.8431963294,강서구,서울특별시 강서구 강서로52길 89 내발산문화센터 5층,새마을문고,강서로52길
2425,도란도란쉼터작은도서관,37.5694864477,126.8447061169,강서구,서울특별시 강서구 허준로 30 가양1동주민센터 2층,-,허준로
2426,허준마을작은도서관,37.5673973847,126.8512710236,강서구,서울특별시 강서구 허준로 93 가양2동주민센터 2층,-,허준로
2427,도리샘작은도서관,37.5610873361,126.86055994780001,강서구,서울특별시 강서구 허준로 202 가양3동주민센터 2층,-,허준로
2428,책향기작은도서관,37.5531158465,126.8331786734,강서구,서울특별시 강서구 강서로 47길 54 발산1동주민센터 2층,새마을문고,강서로
2429,송정작은도서관,37.5587824458,126.81007314850001,강서구,서울특별시 강서구 송정로 45 공항동주민센터 2층,새마을문고,송정로
2430,글벗누리작은도서관,37.5703442238,126.8170528738,강서구,서울특별시 강서구 방화대로 330 방화1동주민센터 2층,새마을문고,방화대로
2431,채움작은도서관,37.5667202086,126.80673878620001,강서구,서울특별시 강서구 개화동로23길 20 방화2동주민센터 2층,새마을문고,개화동로23길
2432,방그리나작은도서관,37.5787181548,126.81365877620001,강서구,서울특별시 강서구 금낭화로24길 5 방화3동주민센터 2층,새마을문고,금낭화로24길
2433,수명산작은도서관,37.5541175003,126.8255215395,강서구,서울특별시 강서구 수명로1길 131 내발산동공공기숙사 지하1층,새마을문고,수명로1길
2434,옹기종기작은도서관,37.5530251262,126.8667223435,강서구,서울특별시 강서구 공항대로 61길 50 염창동지역정보센터 1층,새마을문고,공항대로
2435,해뜰작은도서관,37.5742449073,126.8201676975,강서구,서울특별시 강서구 방화대로48길 40 방화2복지관 3층,방화2사회복지관,방화대로48길
2436,꿈자람책놀이터작은도서관,37.5707189639,126.805727799,강서구,서울특별시 강서구 개화동로21길 4 방화11복지관 1층,방화11사회복지관,개화동로21길
2437,초록동작은도서관,37.541149630700005,126.84850796459999,강서구,서울특별시 강서구 초록마을로14길 36 초록동실버문화센터 2층,연지어르신복지센터,초록마을로14길
2438,가람작은도서관,37.5646287321,126.85351763370001,강서구,서울특별시 강서구 양천로57길 36 가양5종합사회복지관 1층,가양5사회복지관,양천로57길
2439,솔뫼작은도서관,37.5380261475,126.8385211483,강서구,서울특별시 강서구 가로공원로77길 30 공원경로당 2층,-,가로공원로77길
2440,꿈꾸는어린이도서관,37.547338080799996,126.87331844100001,강서구,서울특별시 강서구 공항대로 615,KC대학교,공항대로
2441,우장산숲속도서관,37.548287600900004,126.8418350427,강서구,서울특별시 강서구 우현로 34,영신교회,우현로
2442,길꽃어린이도서관,37.5787181548,126.81365877620001,강서구,서울특별시 강서구 금낭화로24길 5,영신교회,금낭화로24길
2443,푸른들청소년도서관,37.5446709029,126.8351800028,강서구,서울특별시 강서구 강서로45다길 71,백영학원,강서로45다길
2444,강서영어도서관,37.534684775100004,126.8608037254,강서구,서울특별시 강서구 곰달래로57가길 26,백영학원,곰달래로57가길
2445,곰달래도서관,37.5290587124,126.8488989728,강서구,서울특별시 강서구 강서로5길 50,백영학원,강서로5길
2446,등빛도서관,37.5624555968,126.84237554239999,강서구,서울특별시 강서구 강서로62길 48,백영학원,강서로62길
2447,가양도서관,37.5599614843,126.8655600793,강서구,서울특별시 강서구 양천로 61길 101,학교법인 한국그리스도의교회학원,양천로
2448,강북문화정보도서관,37.625174,127.036125,강북구,서울특별시 강북구 오현로 145 (번동),서울특별시강북구도시관리공단,오현로
2449,강북청소년문화정보도서관,37.623113000000004,127.021603,강북구,서울특별시 강북구 삼양로54길 68 (미아동),서울특별시강북구도시관리공단,삼양로54길
2450,솔샘문화정보도서관,37.620518,127.012452,강북구,서울특별시 강북구 솔샘로 177 (미아동),서울특별시강북구도시관리공단,솔샘로
2451,송중문화정보도서관,37.618342,127.030033,강북구,서울특별시 강북구 도봉로20나길 6 (미아동),서울특별시강북구도시관리공단,도봉로20나길
2452,수유문화정보도서관,37.630129,127.01754299999999,강북구,서울특별시 강북구 삼양로 299 (수유동),서울특별시강북구도시관리공단,삼양로
2453,미아문화정보도서관,37.627063,127.026981,강북구,서울특별시 강북구 솔매로49길 14 (미아동),서울특별시강북구도시관리공단,솔매로49길
2454,삼각산어린이도서관,37.661552,126.985859,강북구,서울특별시 강북구 삼양로19길 34 (미아동),서울특별시강북구도시관리공단,삼양로19길
2466,성내도서관,37.532846282399994,127.1333283,강동구,"서울특별시 강동구 성안로 106-1 (성내동, 성내도서관)",서울특별시 강동구청,성안로
2467,해공도서관,37.5447393141,127.1269487383,강동구,"서울특별시 강동구 올림픽로 702 (천호동, 해공공원)",서울특별시 강동구청,올림픽로
2468,강일도서관,37.5650504,127.17390630530001,강동구,"서울특별시 강동구 아리수로93길 9-14,4,5층(강일동)",서울특별시 강동구청,아리수로93길
2469,암사도서관,37.552800700000006,127.13334569999999,강동구,"서울특별시 강동구 고덕로20길 42 (암사동, 암사도서관)",서울특별시 강동구청,고덕로20길
2470,천호도서관,37.54052196,127.1340837,강동구,"서울특별시 강동구 성안로31마길 1(천호동, 천호도서관)",서울특별시 강동구청,성안로31마길
2490,책쉼터,37.472972999999996,126.96021499999999,관악구,서울특별시 관악구 낙성대로3길 37,서울특별시 관악구청,낙성대로3길
2491,숲속작은도서관,37.458841,126.94619499999999,관악구,서울특별시 관악구 관악산 나들길 114,서울특별시 관악구청,관악산
2492,신림청소년독서실,37.480177000000005,126.91618500000001,관악구,서울특별시 관악구 난곡로64가길 19,서울특별시 관악구청,난곡로64가길
2493,관악문화관도서관,37.467135,126.94473500000001,관악구,서울특별시 관악구 신림로3길 35(신림동),서울특별시 관악구청,신림로3길
2494,글빛정보도서관,37.486252,126.959668,관악구,서울특별시 관악구 관악로 30길 23,서울특별시 관악구청,관악로
2495,성현동작은도서관,37.487704,126.956096,관악구,서울특별시 관악구 관악로 37길 56,서울특별시 관악구청,관악로
2496,은천동작은도서관,37.485298,126.942434,관악구,서울특별시 관악구 봉천로 33나길 30,서울특별시 관악구청,봉천로
2497,조원작은도서관,34.482544,126.90777299999999,관악구,서울특별시 관악구 조원로 12길 25,서울특별시 관악구청,조원로
2498,책이랑놀이랑,37.479991999999996,126.95858799999999,관악구,서울특별시 관악구 행운1길 12,서울특별시 관악구청,행운1길
2499,관악산 詩도서관,37.468115999999995,126.946069,관악구,서울특별시 관악구 신림로 23,서울특별시 관악구청,신림로
2500,낙성대공원도서관,37.471383,126.959727,관악구,서울특별시 관악구 낙성대로 77,서울특별시 관악구청,낙성대로
2501,하난곡작은도서관,37.4767912,126.919945,관악구,서울특별시 관악구 난우10가길 20-7,서울특별시 관악구청,난우10가길
2502,용꿈꾸는 작은도서관,37.478127,126.95148700000001,관악구,서울특별시 관악구 관악로 145,서울특별시 관악구청,관악로
2503,도림천에서 용나는 작은도서관,37.480942,126.929827,관악구,서울특별시 관악구 신림로 297,서울특별시 관악구청,신림로
2504,꿈나무 영유아도서관,37.467081,126.944781,관악구,서울특별시 관악구 신림로3길 35,서울특별시 관악구청,신림로3길
2505,서울대입구역 U-도서관,37.481239,126.952747,관악구,서울특별시 관악구 남부순환로 지하 1822,서울특별시 관악구청,남부순환로
2506,신대방역 U-도서관,37.487396999999994,126.913024,관악구,서울특별시 동작구 대림로 2(신대방역),서울특별시 관악구청,대림로
2507,봉천역 U-도서관,37.482332,126.94248700000001,관악구,서울특별시 관악구 남부순환로 지하 1721,서울특별시 관악구청,남부순환로
2508,낙성대역 U-도서관,37.476975,126.96373899999999,관악구,서울특별시 관악구 남부순환로 지하 1928,서울특별시 관악구청,남부순환로
2509,신림역 U-도서관,37.484224,126.929681,관악구,서울특별시 관악구 남부순환로 지하 1614,서울특별시 관악구청,남부순환로
2510,봉현작은도서관,37.4871775,126.956625,관악구,서울특별시 관악구 관악로 255-7,서울특별시 관악구청,관악로
2511,청룡작은도서관,37.478018,126.94645700000001,관악구,서울특별시 관악구 청룡9길 12-39,서울특별시 관악구청,청룡9길
2512,삼성작은도서관,37.464073,126.931802,관악구,서울특별시 관악구 호암로 520,서울특별시 관악구청,호암로
2513,숲속작은도서관,37.458841,126.94619499999999,관악구,서울특별시 관악구 관악산 나들길 114,서울특별시 관악구청,관악산
2514,책이랑놀이랑,37.479991999999996,126.95858799999999,관악구,서울특별시 관악구 행운1길 12,서울특별시 관악구청,행운1길
2515,책쉼터,37.472972999999996,126.96021499999999,관악구,서울특별시 관악구 낙성대로3길 37,서울특별시 관악구청,낙성대로3길
2516,신림청소년독서실,37.480177000000005,126.91618500000001,관악구,서울특별시 관악구 난곡로64가길 19,서울특별시 관악구청,난곡로64가길
2517,관악산 詩도서관,37.468115999999995,126.946069,관악구,서울특별시 관악구 신림로 23,서울특별시 관악구청,신림로
2518,낙성대공원도서관,37.471383,126.959727,관악구,서울특별시 관악구 낙성대로 77,서울특별시 관악구청,낙성대로
2519,하난곡작은도서관,37.4767912,126.919945,관악구,서울특별시 관악구 난우10가길 20-7,서울특별시 관악구청,난우10가길
2520,용꿈꾸는 작은도서관,37.478127,126.95148700000001,관악구,서울특별시 관악구 관악로 145,서울특별시 관악구청,관악로
2521,도림천에서 용나는 작은도서관,37.480942,126.929827,관악구,서울특별시 관악구 신림로 297,서울특별시 관악구청,신림로
2522,꿈나무 영유아도서관,37.467081,126.944781,관악구,서울특별시 관악구 신림로3길 35,서울특별시 관악구청,신림로3길
2523,보라매동 다사랑작은도서관,37.467081,126.944781,관악구,서울특별시 관악구 봉천로 279-8,서울특별시 관악구청,봉천로
2524,은천동 한울작은도서관,37.486875,126.94152700000001,관악구,서울특별시 관악구 국회단지2길 29-10,서울특별시 관악구청,국회단지2길
2525,인헌동 보물섬 작은도서관,37.475044,126.96524699999999,관악구,서울특별시 관악구 남부순환로246가길 20,서울특별시 관악구청,남부순환로246가길
2526,난곡동 책사랑 작은도서관,37.470991,126.921644,관악구,서울특별시 관악구 난곡로 30길 40,서울특별시 관악구청,난곡로
2527,난향동 뜰안에작은도서관,37.164460999999996,126.91878500000001,관악구,서울특별시 관악구 난곡로 67,서울특별시 관악구청,난곡로
2528,남현동 우리작은도서관,37.474517999999996,126.9778675,관악구,서울특별시 관악구 남현1가길 29,서울특별시 관악구청,남현1가길
2529,신림동 굴렁쇠작은도서관,37.487372,126.927118,관악구,서울특별시 관악구 신림동길 14,서울특별시 관악구청,신림동길
2530,서림동 글사랑작은도서관,37.474961,126.93498400000001,관악구,서울특별시 관악구 신림로29길 6,서울특별시 관악구청,신림로29길
2531,신원동 울타리작은도서관,37.481565,126.927333,관악구,서울특별시 관악구 신원로3길 13-6,서울특별시 관악구청,신원로3길
2532,신사동 해오름작은도서관,37.485923,126.91908899999999,관악구,서울특별시 관악구 조원로 151-1,서울특별시 관악구청,조원로
2533,서원동 어울작은도서관,37.479734,126.93136489999999,관악구,서울특별시 관악구 신림로 282,서울특별시 관악구청,신림로
2534,대학동 녹두작은도서관,37.470597999999995,126.936927,관악구,서울특별시 관악구 신림로 111,서울특별시 관악구청,신림로
2535,성현동 파랑새작은도서관,37.489512,126.948077,관악구,서울특별시 관악구 구암길 38,서울특별시 관악구청,구암길
2536,중앙동 새싹작은도서관,37.484165999999995,126.949749,관악구,서울특별시 관악구 양녕로6다길 7,서울특별시 관악구청,양녕로6다길
2537,청림동 푸른숲작은도서관,37.491797,126.95859899999999,관악구,서울특별시 관악구 관악로40길 39,서울특별시 관악구청,관악로40길
2538,행운동 마루작은도서관,37.480593,126.95705900000002,관악구,서울특별시 관악구 행운1길 43,서울특별시 관악구청,행운1길
2539,청룡동 숯고을작은도서관,37.479107,126.941694,관악구,서울특별시 관악구 쑥고개로 44,서울특별시 관악구청,쑥고개로
2541,낙성동 우듬지작은도서관,37.476264,126.95836499999999,관악구,서울특별시 관악구 낙성대로4가길 5,서울특별시 관악구청,낙성대로4가길
2542,미성동 책의향기작은도서관,37.476132,126.915527,관악구,서울특별시 관악구 난곡로 249,서울특별시 관악구청,난곡로
2543,삼성동 샛별작은도서관,37.470073,126.93296399999998,관악구,서울특별시 관악구 호암로 589,서울특별시 관악구청,호암로
2791,AB돌봄카페,,,광진구,서울특별시 광진구 천호대로 798-12(광장동),,천호대로
2864,이진아기념도서관,37.572882,126.954479,서대문구,서울특별시 서대문구 독립문공원길 80,서대문구도시관리공단,독립문공원길
2865,남가좌새롬어린이도서관,37.578286999999996,126.92180800000001,서대문구,서울특별시 서대문구 증가로10길 16-15,서대문구도시관리공단,증가로10길
2866,홍은도담도서관,37.601701,126.946805,서대문구,서울특별시 서대문구 홍은중앙로 129,서대문구도시관리공단,홍은중앙로
2867,알음알음작은도서관,37.562901000000004,126.960148,서대문구,"서울특별시 서대문구 경기대로 40, 충현동자치회관",서대문구도시관리공단,경기대로
2868,하늘샘작은도서관,37.569511999999996,126.96063799999999,서대문구,"서울특별시 서대문구 독립문로 27, 천연보건분소 1층",서대문구도시관리공단,독립문로
2869,북아현마을 북카페,37.559456,126.95480500000001,서대문구,"서울특별시 서대문구 북아현로 24, 북아현동주민센터 3층",서대문구도시관리공단,북아현로
2870,아이누리작은도서관,37.569184,126.930627,서대문구,"서울특별시 서대문구 증가로 13-10, 연희동자치회관",서대문구도시관리공단,증가로
2871,햇살작은도서관,37.593162,126.943349,서대문구,"서울특별시 서대문구 세검정로1길 45, 홍은1동 자치회관 2층",서대문구도시관리공단,세검정로1길
2872,행복작은도서관,37.579985,126.93194299999999,서대문구,"서울특별시 서대문구 모래내로 334, 홍은2동주민센터 3층",서대문구도시관리공단,모래내로
2873,새싹작은도서관,37.583005,126.947833,서대문구,"서울특별시 서대문구 통일로27길 19, 홍제1동 자치회관",서대문구도시관리공단,통일로27길
2874,꿈이있는작은도서관,37.586071000000004,126.947157,서대문구,"서울특별시 서대문구 통일로34길 27, 홍제2동주민센터 2층",서대문구도시관리공단,통일로34길
2875,문화촌어린이도서관,37.593746,126.94748500000001,서대문구,"서울특별시 서대문구 세검정로4길 32, 홍제3동주민센터 3층",서대문구도시관리공단,세검정로4길
2876,파랑새작은도서관,37.57407,126.92053100000001,서대문구,"서울특별시 서대문구 모래내로 15길 37, 남가좌1동주민센터 2층",서대문구도시관리공단,모래내로
2877,늘푸른열린작은도서관,37.574288,126.90796200000001,서대문구,"서울특별시 서대문구 수색로 100-55, 북가좌1동주민센터 2층",서대문구도시관리공단,수색로
2878,가슴따뜻한작은도서관,37.581453,126.908976,서대문구,"서울특별시 서대문구 응암로1길 10, 북가좌2동주민센터 2층",서대문구도시관리공단,응암로1길
2879,이팝꽃향기작은도서관,37.583901000000004,126.91023,서대문구,서울특별시 서대문구 불광천길 204,서대문구도시관리공단,불광천길
3016,마포중앙도서관,37.564019,126.908442,마포구,서울특별시 마포구 성산로 128,서울특별시 마포구청,성산로
3017,마포구립하늘도서관,37.566379,126.90161599999999,마포구,"서울특별시 마포구 월드컵로 212, 12층",서울특별시 마포구청,월드컵로
3018,마포구립서강도서관,37.547737,126.93205900000001,마포구,"서울특별시 마포구 독막로165, 3~5층",(사)청소년지원네트워크,"독막로165,"
3019,마포어린이영어도서관,37.539535,126.951922,마포구,"서울특별시 마포구 도화4길 53, 2층",(학)서강대학교,도화4길
3020,꿈나래어린이영어도서관,37.555234999999996,126.90568400000001,마포구,"서울특별시 마포구 월드컵로13길 80, 2층",㈜다르앤코,월드컵로13길
3021,꿈을이루는작은도서관,37.547105,126.952155,마포구,"서울특별시 마포구 마포대로7길 18, 2층",(사)한국청소년지원네트워크,마포대로7길
3022,아름드리작은도서관,37.560313,126.90231599999998,마포구,"서울특별시 마포구 방울내로7길 11, 1층",(사)한국청소년지원네트워크,방울내로7길
3023,해오름작은도서관,37.555848,126.94236799999999,마포구,"서울특별시 마포구 신촌로26길 10, 2층",(사)한국청소년지원네트워크,신촌로26길
3024,성메작은도서관,37.56861,126.908975,마포구,"서울특별시 마포구 월드컵북로30길 22, 2층",(사)한국청소년지원네트워크,월드컵북로30길
3025,성산글마루작은도서관,37.569702,126.90142,마포구,"서울특별시 마포구 월드컵북로 235, 3층",(사)한국청소년지원네트워크,월드컵북로
3026,늘푸른소나무작은도서관,37.542233,126.95549399999999,마포구,"서울특별시 마포구 백범로 227, 3층",(사)마포문화원,백범로
3027,복사골작은도서관,37.539535,126.951922,마포구,"서울특별시 마포구 도화4길 53, 3~4층",(학)서강대학교,도화4길
3028,용강동작은도서관,37.542328000000005,126.94283,마포구,"서울특별시 마포구 토정로31길 31, 2층",(사)기독교대한감리회사회복지재단,토정로31길
3029,초록숲작은도서관,37.552161,126.951225,마포구,"서울특별시 마포구 마포대로11길 44-81, B1층",(사)한국청소년지원네트워크,마포대로11길
3030,마포푸르메어린이도서관,37.584644,126.88051499999999,마포구,"서울특별시 마포구 월드컵북로 494, 1층",푸르메재단,월드컵북로
3038,사람아이앤지작은도서관,,,광진구,서울특별시 광진구 천호대로 691(구의동),,천호대로
3057,서초구립반포도서관,37.502601,127.012615,서초구,서울특별시 서초구 고무래로 34,서초문화재단,고무래로
3058,서초구립내곡도서관,37.452838,127.05416899999999,서초구,서울특별시 서초구 청계산로7길 9-20,서초문화재단,청계산로7길
3059,서이도서관,37.4920294,127.02494399999999,서초구,서울특별시 서초구 서초대로70길 51,서초문화재단,서초대로70길
3060,잠원도서관,37.515249,127.01396499999998,서초구,서울특별시 서초구 나루터로 38,서초문화재단,나루터로
3061,방배도서관,37.480523,126.99907900000001,서초구,서울특별시 서초구 방배로40,서초문화재단,주의!!서울특별시 서초구 방배로40
3062,서초그림책도서관,37.490761,127.00463899999998,서초구,서울특별시 서초구 명달로150,서초문화재단,주의!!서울특별시 서초구 명달로150
3170,광진정보도서관,,,광진구,서울특별시 광진구 아차산로78길 90(광장동),광진구시설관리공단,아차산로78길
3171,중곡문화체육센터도서관,,,광진구,서울특별시 광진구 능동로 433(중곡동),광진구시설관리공단,능동로
3172,자양제4동도서관,,,광진구,서울특별시 광진구 뚝섬로26길 58(자양동),광진구시설관리공단,뚝섬로26길
3173,구의제3동도서관,,,광진구,서울특별시 광진구 강변역로 17(구의동),광진구시설관리공단,강변역로
3174,중곡1동새마을작은도서관,,,광진구,서울특별시 광진구 긴고랑로12길 49(중곡동),,긴고랑로12길
3175,중곡2동새마을작은도서관,,,광진구,서울특별시 광진구 능동로 346(중곡동),,능동로
3176,중곡3동새마을작은도서관,,,광진구,서울특별시 광진구 동일로76가길 28(중곡동),,동일로76가길
3177,중곡4동새마을작은도서관,,,광진구,서울특별시 광진구 긴고랑로 131(중곡동),,긴고랑로
3178,능동새마을작은도서관,,,광진구,서울특별시 광진구 천호대로112길 55(능동),,천호대로112길
3179,구의1동새마을작은도서관,,,광진구,서울특별시 광진구 자양로28가길 22-3(구의동),,자양로28가길
3180,구의2동새마을작은도서관,,,광진구,서울특별시 광진구 천호대로136길 55(구의동),,천호대로136길
3181,광장동새마을작은도서관,,,광진구,서울특별시 광진구 광장로 52(광장동),,광장로
3182,자양1동새마을작은도서관,,,광진구,서울특별시 광진구 자양로13길 37(자양동),,자양로13길
3183,자양2동새마을작은도서관,,,광진구,서울특별시 광진구 자양로3가길 26(자양동),,자양로3가길
3184,자양3동새마을작은도서관,,,광진구,서울특별시 광진구 뚝섬로 568(자양동),,뚝섬로
3185,자양4동새마을작은도서관,,,광진구,서울특별시 광진구 아차산로24길 17(자양동),,아차산로24길
3186,화양동새마을작은도서관,,,광진구,서울특별시 광진구 능동로17길 39(화양동),,능동로17길
3187,군자동새마을작은도서관,,,광진구,서울특별시 광진구 군자로 151(군자동),,군자로
3188,자양전통시장작은도서관,,,광진구,서울특별시 광진구 뚝섬로47길 45-2(자양동),,뚝섬로47길
3189,날마다자라는나무,,,광진구,서울특별시 광진구 자양번영로4길 8(자양동),,자양번영로4길
3190,새빛작은도서관,,,광진구,서울특별시 광진구 아차산로46가길 23(자양동),,아차산로46가길
3191,예드림문고,,,광진구,서울특별시 광진구 구의로61(구의동),,주의!!서울특별시 광진구 구의로61(구의동)
3192,평강마을도서관,,,광진구,서울특별시 광진구 자양번영로4길 13(자양동),,자양번영로4길
3193,푸른꿈도서관,,,광진구,서울특별시 광진구 자양로32길 53(구의동),,자양로32길
3194,광장현대파크빌도서관,,,광진구,서울특별시 광진구 아차산로 549(광장동),,아차산로
3195,중곡교회작은도서관,,,광진구,서울특별시 광진구 긴고랑로36길 56(중곡동),,긴고랑로36길
3196,아름드리작은도서관,,,광진구,서울특별시 광진구 워커힐로 93(구의동),,워커힐로
3197,어린이도서관주영심나무,,,광진구,서울특별시 광진구 용마산로1길91(중곡동),,주의!!서울특별시 광진구 용마산로1길91(중곡동)
3198,아차산아래작은도서관놀자,,,광진구,서울특별시 광진구 자양로50가길 45(구의동),,자양로50가길
3199,하람도서관,,,광진구,서울특별시 광진구 용마산로 16길 18(중곡동),,용마산로
3200,운룡도서관,,,광진구,서울특별시 광진구 자양로43길 85(중곡동),,자양로43길
3201,더바움지식문화작은도서관,,,광진구,서울특별시 광진구 구의로 39(구의동),,구의로
3202,성신비전스쿨도서관,,,광진구,서울특별시 광진구 동일로 160(화양동),,동일로
3203,이룸도서관,,,광진구,서울특별시 광진구 용마산로 49(중곡동),,용마산로
3204,배움의기쁨작은도서관,,,광진구,서울특별시 광진구 아차산로44길 29(자양동),,아차산로44길
3205,샘터작은도서관,,,광진구,서울특별시 광진구 용마산로24길 10(중곡동),,용마산로24길
3273,도봉어린이문화정보도서관(디지털자료실),37.659007200000005,127.0494699,서울특별시 도봉구,서울특별시 도봉구 도봉구 노해로69길 151,,도봉구
3274,"도봉어린이문화정보센터(자료열람실, 잉글리시 아일랜드)",37.659007200000005,127.0494699,서울특별시 도봉구,서울특별시 도봉구 도봉구 노해로69길 151,,도봉구
3275,학마을도서관 (종합자료실),37.6621078,127.0278197,서울특별시 도봉구,서울특별시 도봉구 도봉구 시루봉로 128,,도봉구
3276,학마을도서관 (어린이 자료실),37.66211,127.02781999999999,서울특별시 도봉구,서울특별시 도봉구 도봉구 시루봉로 128,,도봉구
3277,방학동영유아플라자,37.66323,127.03033,서울특별시 도봉구,서울특별시 도봉구 도봉구 방학로 12길 28 (방학동),,도봉구
3278,창동영유아플라자,37.63351,127.0411,서울특별시 도봉구,서울특별시 도봉구 도봉구 우이천로4길 24-5 (창동),,도봉구
3279,무수골 도서관,37.682958899999996,127.0428608,서울특별시 도봉구,서울특별시 도봉구 도봉구 도봉로175길 10,,도봉구
3280,방학1동 공립 작은도서관,37.6641869,127.04063670000001,서울특별시 도봉구,서울특별시 도봉구 도봉구 방학로2길 27,,도봉구
3281,방학2동 공립 작은도서관,37.668177,127.0350425,서울특별시 도봉구,서울특별시 도봉구 도봉구 시루봉로 226,,도봉구
3282,방학3동 공립 작은도서관,37.659890000000004,127.02382,서울특별시 도봉구,서울특별시 도봉구 도봉구 해등로32길 80,,도봉구
3283,도봉1동 공립 작은도서관,37.678670399999994,127.04335690000002,서울특별시 도봉구,서울특별시 도봉구 도봉구 도봉로169 나길 22,,도봉구
3284,도봉2동 공립 작은도서관,37.6696229,127.0465415,서울특별시 도봉구,서울특별시 도봉구 도봉구 마들로 668,,도봉구
3285,쌍문1동 공립 작은도서관,37.6479992,127.02603640000001,서울특별시 도봉구,서울특별시 도봉구 도봉구 노해로 147,,도봉구
3286,쌍문2동 공립 작은도서관,37.6580211,127.03875079999999,서울특별시 도봉구,서울특별시 도봉구 도봉구 방학로3길 117,,도봉구
3287,쌍문3동 공립 작은도서관,37.648943700000004,127.02790859999999,서울특별시 도봉구,서울특별시 도봉구 도봉구 노해로44길 9,,도봉구
3288,쌍문4동 공립 작은도서관,37.6564188,127.02836880000001,서울특별시 도봉구,서울특별시 도봉구 도봉구 시루봉로 62-7,,도봉구
3289,창1동 공립 작은도서관,37.64833,127.04378,서울특별시 도봉구,서울특별시 도봉구 도봉구 해등로 46,,도봉구
3290,창2동 공립 작은도서관,37.6413898,127.0356396,서울특별시 도봉구,서울특별시 도봉구 도봉구 덕릉로 59길 73-3,,도봉구
3291,창3동 공립 작은도서관,37.63811,127.04287,서울특별시 도봉구,서울특별시 도봉구 도봉구 덕릉로62길 89,,도봉구
3292,창4동 공립 작은도서관,37.6522,127.05153999999999,서울특별시 도봉구,서울특별시 도봉구 도봉구 노해로 390,,도봉구
3293,창5동 공립 작은도서관,37.6562098,127.0434809,서울특별시 도봉구,서울특별시 도봉구 도봉구 도봉로 136 나길 20,,도봉구
3294,북서울중학교 도서관,37.6813005,127.04302390000001,서울특별시 도봉구,서울특별시 도봉구 도봉구 도봉로169가길 33,,도봉구
3295,창북중학교 도서관,37.649470799999996,127.03857659999998,서울특별시 도봉구,서울특별시 도봉구 도봉구 노해로 62길 33,,도봉구
3296,도봉구청사 행복작은도서관,37.6686287,127.04704960000001,서울특별시 도봉구,서울특별시 도봉구 도봉구 마들로 656,,도봉구
3297,서울특별시교육청도봉도서관(종합자료실),37.6525847,127.0129824,서울특별시 도봉구,서울특별시 도봉구 도봉구 삼양로 556(쌍문동),,도봉구
3298,서울특별시교육청도봉도서관(어린이자료실),37.652570000000004,127.0129,서울특별시 도봉구,서울특별시 도봉구 도봉구 삼양로 556(쌍문동),,도봉구
3299,서울특별시교육청도봉도서관(디지털자료실),37.6527461,127.01296629999999,서울특별시 도봉구,서울특별시 도봉구 도봉구 삼양로 556(쌍문동),,도봉구
3300,도봉문화정보도서관(종합자료실),37.64458079999999,127.04388270000001,서울특별시 도봉구,서울특별시 도봉구 도봉구 덕릉로 315 (창동),,도봉구
3301,도봉문화정보도서관(어린이열람실),37.64458079999999,127.04388270000001,서울특별시 도봉구,서울특별시 도봉구 도봉구 덕릉로 315 (창동),,도봉구
3302,도봉어린이문화정보도서관(영 유아),37.659007200000005,127.0494699,서울특별시 도봉구,서울특별시 도봉구 도봉구 노해로69길 151,,도봉구
3303,도봉 기적의 도서관,37.6807721,127.0502436,서울특별시 도봉구,서울특별시 도봉구 도봉구 마들로 797,,도봉구
